Data,Canal,Segmento,Objetivo,Gasto_R$,Impressoes,Cliques,CTR_%,CPC_R$,Conversoes,Taxa_Conversao_%,CPA_R$,Receita_R$,ROAS
2025-01-01,Meta Ads (Instagram/Facebook),Saúde & Bem-estar,Conversão / Vendas,392.95,19510,358,1.84,1.1,9,2.59,43.66,1644.0,4.18
2025-01-01,Google Ads (Search),Alimentos & Gastronomia,Tráfego Qualificado,368.66,6617,361,5.47,1.02,18,5.09,20.48,3744.01,10.16
2025-01-01,TikTok Ads,Alimentos & Gastronomia,Conversão / Vendas,581.36,56828,1017,1.79,0.57,22,2.24,26.43,3079.89,5.3
2025-01-01,Display Programático (RTB),Saúde & Bem-estar,Tráfego Qualificado,380.24,35973,298,0.83,1.28,5,1.77,76.05,1016.57,2.67
2025-01-01,YouTube Ads (Vídeo),Moda & Vestuário,Reconhecimento de Marca,248.98,9153,154,1.69,1.62,3,2.33,82.99,582.38,2.34
2025-01-02,Meta Ads (Instagram/Facebook),Saúde & Bem-estar,Tráfego Qualificado,557.86,28770,422,1.47,1.32,17,4.15,32.82,2951.97,5.29
2025-01-02,Google Ads (Search),Saúde & Bem-estar,Geração de Leads,241.35,6218,341,5.5,0.71,20,5.92,12.07,4394.67,18.21
2025-01-02,TikTok Ads,Saúde & Bem-estar,Geração de Leads,554.17,47123,1031,2.19,0.54,19,1.92,29.17,2945.11,5.31
2025-01-02,Display Programático (RTB),Educação & Cursos,Conversão / Vendas,581.14,71218,541,0.76,1.07,6,1.19,96.86,1030.46,1.77
2025-01-02,YouTube Ads (Vídeo),Moda & Vestuário,Tráfego Qualificado,140.38,7486,126,1.69,1.11,3,2.94,46.79,681.82,4.86
2025-01-03,Meta Ads (Instagram/Facebook),Moda & Vestuário,Reconhecimento de Marca,994.1,48398,1093,2.26,0.91,44,4.03,22.59,8017.91,8.07
2025-01-03,Google Ads (Search),Moda & Vestuário,Tráfego Qualificado,978.37,19673,1101,5.6,0.89,65,5.99,15.05,13297.55,13.59
2025-01-03,TikTok Ads,Tecnologia B2B,Conversão / Vendas,964.9,69417,1596,2.3,0.6,35,2.23,27.57,4933.74,5.11
2025-01-03,Display Programático (RTB),Educação & Cursos,Tráfego Qualificado,936.14,91152,756,0.83,1.24,11,1.52,85.1,2244.41,2.4
2025-01-03,YouTube Ads (Vídeo),Alimentos & Gastronomia,Reconhecimento de Marca,963.19,47007,836,1.78,1.15,23,2.77,41.88,5185.95,5.38
2025-01-04,Meta Ads (Instagram/Facebook),Saúde & Bem-estar,Geração de Leads,246.16,12060,267,2.22,0.92,10,3.94,24.62,1703.96,6.92
2025-01-04,Google Ads (Search),Tecnologia B2B,Tráfego Qualificado,232.44,5204,293,5.64,0.79,15,5.3,15.5,3504.34,15.08
2025-01-04,TikTok Ads,Moda & Vestuário,Tráfego Qualificado,988.86,96662,2242,2.32,0.44,47,2.1,21.04,6287.37,6.36
2025-01-04,Display Programático (RTB),Tecnologia B2B,Geração de Leads,563.72,72271,527,0.73,1.07,8,1.52,70.47,1521.46,2.7
2025-01-04,YouTube Ads (Vídeo),Moda & Vestuário,Geração de Leads,563.85,22708,367,1.62,1.54,7,2.1,80.55,1689.67,3.0
2025-01-05,Meta Ads (Instagram/Facebook),Tecnologia B2B,Conversão / Vendas,240.05,14900,251,1.69,0.96,10,4.14,24.01,1727.8,7.2
2025-01-05,Google Ads (Search),Educação & Cursos,Conversão / Vendas,573.49,11898,586,4.93,0.98,27,4.63,21.24,5894.94,10.28
2025-01-05,TikTok Ads,Moda & Vestuário,Reconhecimento de Marca,970.58,73306,1722,2.35,0.56,29,1.69,33.47,4501.83,4.64
2025-01-05,Display Programático (RTB),Saúde & Bem-estar,Reconhecimento de Marca,988.67,118687,866,0.73,1.14,14,1.65,70.62,2932.32,2.97
2025-01-05,YouTube Ads (Vídeo),Saúde & Bem-estar,Tráfego Qualificado,597.15,26898,398,1.48,1.5,12,3.13,49.76,2693.68,4.51
2025-01-06,Meta Ads (Instagram/Facebook),Moda & Vestuário,Conversão / Vendas,248.49,11183,186,1.67,1.34,6,3.67,41.41,1192.65,4.8
2025-01-06,Google Ads (Search),Moda & Vestuário,Tráfego Qualificado,564.52,10048,579,5.77,0.97,36,6.29,15.68,8875.62,15.72
2025-01-06,TikTok Ads,Moda & Vestuário,Conversão / Vendas,390.41,27377,739,2.7,0.53,15,2.08,26.03,2356.08,6.03
2025-01-06,Display Programático (RTB),Saúde & Bem-estar,Reconhecimento de Marca,139.94,13612,119,0.88,1.18,1,1.06,139.94,175.82,1.26
2025-01-06,YouTube Ads (Vídeo),Tecnologia B2B,Conversão / Vendas,942.71,44072,643,1.46,1.47,16,2.55,58.92,3859.34,4.09
2025-01-07,Meta Ads (Instagram/Facebook),Saúde & Bem-estar,Conversão / Vendas,563.39,31075,655,2.11,0.86,23,3.65,24.5,4604.95,8.17
2025-01-07,Google Ads (Search),Moda & Vestuário,Tráfego Qualificado,144.51,3048,153,5.03,0.94,7,5.22,20.64,1613.1,11.16
2025-01-07,TikTok Ads,Alimentos & Gastronomia,Reconhecimento de Marca,381.9,32146,794,2.47,0.48,19,2.42,20.1,2968.67,7.77
2025-01-07,Display Programático (RTB),Saúde & Bem-estar,Conversão / Vendas,386.3,39258,259,0.66,1.49,4,1.89,96.58,773.29,2.0
2025-01-07,YouTube Ads (Vídeo),Alimentos & Gastronomia,Geração de Leads,391.93,14467,195,1.35,2.01,5,2.7,78.39,1095.23,2.79
2025-01-08,Meta Ads (Instagram/Facebook),Saúde & Bem-estar,Conversão / Vendas,566.13,30486,673,2.21,0.84,20,3.01,28.31,3392.54,5.99
2025-01-08,Google Ads (Search),Moda & Vestuário,Geração de Leads,248.6,6290,256,4.07,0.97,17,6.69,14.62,3701.33,14.89
2025-01-08,TikTok Ads,Tecnologia B2B,Geração de Leads,236.45,16569,316,1.91,0.75,7,2.47,33.78,1017.44,4.3
2025-01-08,Display Programático (RTB),Educação & Cursos,Reconhecimento de Marca,246.2,24208,244,1.01,1.01,3,1.48,82.07,584.47,2.37
2025-01-08,YouTube Ads (Vídeo),Alimentos & Gastronomia,Tráfego Qualificado,138.85,6257,72,1.16,1.93,2,3.2,69.42,380.9,2.74
2025-01-09,Meta Ads (Instagram/Facebook),Educação & Cursos,Geração de Leads,382.9,19397,329,1.7,1.16,11,3.53,34.81,1797.1,4.69
2025-01-09,Google Ads (Search),Saúde & Bem-estar,Geração de Leads,372.07,7808,416,5.33,0.89,21,5.1,17.72,4877.44,13.11
2025-01-09,TikTok Ads,Saúde & Bem-estar,Geração de Leads,935.55,76873,1944,2.53,0.48,34,1.75,27.52,4441.97,4.75
2025-01-09,Display Programático (RTB),Educação & Cursos,Tráfego Qualificado,236.46,23812,178,0.75,1.33,2,1.42,118.23,349.45,1.48
2025-01-09,YouTube Ads (Vídeo),Alimentos & Gastronomia,Geração de Leads,926.47,41231,659,1.6,1.41,12,1.96,77.21,2844.58,3.07
2025-01-10,Meta Ads (Instagram/Facebook),Educação & Cursos,Tráfego Qualificado,145.92,8197,188,2.3,0.78,7,3.82,20.85,1308.62,8.97
2025-01-10,Google Ads (Search),Alimentos & Gastronomia,Reconhecimento de Marca,375.93,8417,446,5.31,0.84,19,4.4,19.79,3883.3,10.33
2025-01-10,TikTok Ads,Alimentos & Gastronomia,Reconhecimento de Marca,141.74,9512,185,1.95,0.77,2,1.6,70.87,305.44,2.15
2025-01-10,Display Programático (RTB),Alimentos & Gastronomia,Reconhecimento de Marca,560.31,64403,515,0.8,1.09,8,1.57,70.04,1609.34,2.87
2025-01-10,YouTube Ads (Vídeo),Educação & Cursos,Tráfego Qualificado,242.52,10485,180,1.72,1.35,5,2.86,48.5,987.77,4.07
2025-01-11,Meta Ads (Instagram/Facebook),Educação & Cursos,Conversão / Vendas,580.12,25578,501,1.96,1.16,15,3.15,38.67,2864.22,4.94
2025-01-11,Google Ads (Search),Moda & Vestuário,Conversão / Vendas,394.26,7961,433,5.45,0.91,28,6.62,14.08,5862.29,14.87
2025-01-11,TikTok Ads,Alimentos & Gastronomia,Conversão / Vendas,556.84,54114,1006,1.86,0.55,24,2.44,23.2,3083.8,5.54
2025-01-11,Display Programático (RTB),Alimentos & Gastronomia,Geração de Leads,230.47,23070,173,0.75,1.33,1,1.15,230.47,204.1,0.89
2025-01-11,YouTube Ads (Vídeo),Alimentos & Gastronomia,Reconhecimento de Marca,923.13,41247,742,1.8,1.24,20,2.7,46.16,4224.64,4.58
2025-01-12,Meta Ads (Instagram/Facebook),Tecnologia B2B,Conversão / Vendas,381.2,20627,441,2.14,0.86,13,3.05,29.32,2650.49,6.95
2025-01-12,Google Ads (Search),Alimentos & Gastronomia,Tráfego Qualificado,146.16,2834,117,4.14,1.25,6,5.66,24.36,1364.33,9.33
2025-01-12,TikTok Ads,Saúde & Bem-estar,Tráfego Qualificado,141.84,9782,214,2.19,0.66,3,1.59,47.28,473.07,3.34
2025-01-12,Display Programático (RTB),Saúde & Bem-estar,Conversão / Vendas,597.6,57131,497,0.87,1.2,7,1.58,85.37,1346.11,2.25
2025-01-12,YouTube Ads (Vídeo),Tecnologia B2B,Tráfego Qualificado,144.64,7031,125,1.78,1.16,3,3.05,48.21,584.87,4.04
2025-01-13,Meta Ads (Instagram/Facebook),Alimentos & Gastronomia,Geração de Leads,231.15,11680,214,1.84,1.08,8,4.1,28.89,1422.33,6.15
2025-01-13,Google Ads (Search),Educação & Cursos,Reconhecimento de Marca,585.03,10972,608,5.55,0.96,44,7.27,13.3,9743.14,16.65
2025-01-13,TikTok Ads,Educação & Cursos,Conversão / Vendas,247.84,22737,527,2.32,0.47,9,1.87,27.54,1317.11,5.31
2025-01-13,Display Programático (RTB),Alimentos & Gastronomia,Conversão / Vendas,563.36,54642,480,0.88,1.17,6,1.34,93.89,1227.83,2.18
2025-01-13,YouTube Ads (Vídeo),Tecnologia B2B,Conversão / Vendas,578.8,25804,451,1.75,1.28,9,2.04,64.31,1933.77,3.34
2025-01-14,Meta Ads (Instagram/Facebook),Alimentos & Gastronomia,Geração de Leads,579.43,27318,581,2.13,1.0,23,3.98,25.19,4496.26,7.76
2025-01-14,Google Ads (Search),Tecnologia B2B,Conversão / Vendas,598.18,13292,563,4.24,1.06,41,7.37,14.59,8622.21,14.41
2025-01-14,TikTok Ads,Educação & Cursos,Tráfego Qualificado,997.59,95829,2625,2.74,0.38,58,2.24,17.2,9323.72,9.35
2025-01-14,Display Programático (RTB),Alimentos & Gastronomia,Tráfego Qualificado,390.25,52172,370,0.71,1.05,4,1.23,97.56,739.95,1.9
2025-01-14,YouTube Ads (Vídeo),Moda & Vestuário,Conversão / Vendas,396.84,20776,274,1.32,1.45,9,3.3,44.09,2121.65,5.35
2025-01-15,Meta Ads (Instagram/Facebook),Saúde & Bem-estar,Tráfego Qualificado,568.11,33457,675,2.02,0.84,21,3.15,27.05,3618.78,6.37
2025-01-15,Google Ads (Search),Saúde & Bem-estar,Tráfego Qualificado,997.95,17820,921,5.17,1.08,57,6.22,17.51,12256.37,12.28
2025-01-15,TikTok Ads,Saúde & Bem-estar,Conversão / Vendas,565.01,52122,959,1.84,0.59,26,2.76,21.73,3655.14,6.47
2025-01-15,Display Programático (RTB),Alimentos & Gastronomia,Reconhecimento de Marca,143.02,13751,136,0.99,1.05,1,1.09,143.02,172.25,1.2
2025-01-15,YouTube Ads (Vídeo),Moda & Vestuário,Geração de Leads,143.76,5252,72,1.38,2.0,2,3.0,71.88,419.26,2.92
2025-01-16,Meta Ads (Instagram/Facebook),Tecnologia B2B,Reconhecimento de Marca,148.06,7715,139,1.81,1.07,4,2.92,37.02,658.15,4.45
2025-01-16,Google Ads (Search),Saúde & Bem-estar,Conversão / Vendas,999.98,17796,863,4.85,1.16,60,7.03,16.67,14997.73,15.0
2025-01-16,TikTok Ads,Educação & Cursos,Reconhecimento de Marca,140.89,12601,257,2.04,0.55,4,1.92,35.22,533.01,3.78
2025-01-16,Display Programático (RTB),Moda & Vestuário,Conversão / Vendas,237.16,31164,283,0.91,0.84,4,1.49,59.29,830.74,3.5
2025-01-16,YouTube Ads (Vídeo),Tecnologia B2B,Geração de Leads,591.19,21718,256,1.18,2.31,7,3.06,84.46,1539.81,2.6
2025-01-17,Meta Ads (Instagram/Facebook),Alimentos & Gastronomia,Conversão / Vendas,246.1,10981,219,2.0,1.12,9,4.28,27.34,1704.28,6.93
2025-01-17,Google Ads (Search),Educação & Cursos,Geração de Leads,370.91,7225,348,4.83,1.07,20,5.92,18.55,4961.52,13.38
2025-01-17,TikTok Ads,Educação & Cursos,Reconhecimento de Marca,149.39,13692,380,2.78,0.39,8,2.2,18.67,1080.31,7.23
2025-01-17,Display Programático (RTB),Alimentos & Gastronomia,Geração de Leads,947.79,119369,1038,0.87,0.91,13,1.34,72.91,2554.76,2.7
2025-01-17,YouTube Ads (Vídeo),Tecnologia B2B,Geração de Leads,560.73,25792,451,1.75,1.24,11,2.59,50.98,2464.51,4.4
2025-01-18,Meta Ads (Instagram/Facebook),Educação & Cursos,Conversão / Vendas,234.48,10751,188,1.75,1.25,5,3.07,46.9,817.16,3.48
2025-01-18,Google Ads (Search),Moda & Vestuário,Conversão / Vendas,142.27,2617,101,3.89,1.41,5,5.5,28.45,1078.44,7.58
2025-01-18,TikTok Ads,Educação & Cursos,Conversão / Vendas,146.25,11552,222,1.93,0.66,4,2.05,36.56,504.36,3.45
2025-01-18,Display Programático (RTB),Saúde & Bem-estar,Conversão / Vendas,145.17,13721,116,0.85,1.25,2,1.83,72.58,364.43,2.51
2025-01-18,YouTube Ads (Vídeo),Saúde & Bem-estar,Reconhecimento de Marca,244.95,12878,167,1.3,1.47,4,2.95,61.24,943.99,3.85
2025-01-19,Meta Ads (Instagram/Facebook),Tecnologia B2B,Reconhecimento de Marca,557.14,29261,561,1.92,0.99,16,2.87,34.82,2785.86,5.0
2025-01-19,Google Ads (Search),Alimentos & Gastronomia,Tráfego Qualificado,241.28,4520,171,3.8,1.41,10,6.21,24.13,2108.27,8.74
2025-01-19,TikTok Ads,Alimentos & Gastronomia,Tráfego Qualificado,146.15,10446,241,2.31,0.61,4,1.68,36.54,579.19,3.96
2025-01-19,Display Programático (RTB),Educação & Cursos,Reconhecimento de Marca,144.77,17011,130,0.77,1.11,2,1.81,72.39,399.72,2.76
2025-01-19,YouTube Ads (Vídeo),Tecnologia B2B,Tráfego Qualificado,399.57,16627,214,1.29,1.87,4,2.03,99.89,788.1,1.97
2025-01-20,Meta Ads (Instagram/Facebook),Saúde & Bem-estar,Geração de Leads,370.81,17095,254,1.49,1.46,10,4.02,37.08,1643.24,4.43
2025-01-20,Google Ads (Search),Alimentos & Gastronomia,Tráfego Qualificado,241.52,4410,159,3.61,1.52,12,7.74,20.13,2699.89,11.18
2025-01-20,TikTok Ads,Tecnologia B2B,Geração de Leads,146.62,11481,261,2.28,0.56,6,2.63,24.44,799.07,5.45
2025-01-20,Display Programático (RTB),Educação & Cursos,Geração de Leads,572.42,63957,473,0.74,1.21,5,1.15,114.48,1000.02,1.75
2025-01-20,YouTube Ads (Vídeo),Alimentos & Gastronomia,Geração de Leads,397.82,18486,284,1.54,1.4,6,2.43,66.3,1277.09,3.21
2025-01-21,Meta Ads (Instagram/Facebook),Alimentos & Gastronomia,Reconhecimento de Marca,249.8,13793,299,2.17,0.84,8,2.89,31.23,1541.34,6.17
2025-01-21,Google Ads (Search),Moda & Vestuário,Conversão / Vendas,383.14,7793,420,5.39,0.91,19,4.72,20.17,4651.01,12.14
2025-01-21,TikTok Ads,Saúde & Bem-estar,Tráfego Qualificado,232.49,16957,473,2.79,0.49,8,1.8,29.06,1026.62,4.42
2025-01-21,Display Programático (RTB),Saúde & Bem-estar,Tráfego Qualificado,931.18,93774,675,0.72,1.38,8,1.19,116.4,1430.42,1.54
2025-01-21,YouTube Ads (Vídeo),Alimentos & Gastronomia,Reconhecimento de Marca,388.28,14547,194,1.34,2.0,5,2.76,77.66,1124.28,2.9
2025-01-22,Meta Ads (Instagram/Facebook),Tecnologia B2B,Conversão / Vendas,146.97,7556,124,1.65,1.19,5,4.13,29.39,896.38,6.1
2025-01-22,Google Ads (Search),Alimentos & Gastronomia,Tráfego Qualificado,385.37,8373,364,4.35,1.06,25,6.89,15.41,5903.86,15.32
2025-01-22,TikTok Ads,Saúde & Bem-estar,Reconhecimento de Marca,959.63,69740,1666,2.39,0.58,47,2.83,20.42,7159.7,7.46
2025-01-22,Display Programático (RTB),Alimentos & Gastronomia,Conversão / Vendas,391.81,53380,464,0.87,0.84,7,1.69,55.97,1488.52,3.8
2025-01-22,YouTube Ads (Vídeo),Moda & Vestuário,Geração de Leads,928.85,35520,429,1.21,2.17,10,2.47,92.89,2308.58,2.49
2025-01-23,Meta Ads (Instagram/Facebook),Alimentos & Gastronomia,Conversão / Vendas,586.67,27870,562,2.02,1.04,20,3.73,29.33,3728.45,6.36
2025-01-23,Google Ads (Search),Tecnologia B2B,Reconhecimento de Marca,986.14,17765,776,4.37,1.27,39,5.14,25.29,8630.62,8.75
2025-01-23,TikTok Ads,Educação & Cursos,Geração de Leads,372.91,28663,664,2.32,0.56,15,2.35,24.86,1899.51,5.09
2025-01-23,Display Programático (RTB),Saúde & Bem-estar,Reconhecimento de Marca,556.91,53807,516,0.96,1.08,5,1.07,111.38,1009.7,1.81
2025-01-23,YouTube Ads (Vídeo),Moda & Vestuário,Tráfego Qualificado,231.38,11939,142,1.19,1.63,4,3.14,57.84,947.24,4.09
2025-01-24,Meta Ads (Instagram/Facebook),Moda & Vestuário,Geração de Leads,998.79,45544,705,1.55,1.42,29,4.17,34.44,5833.21,5.84
2025-01-24,Google Ads (Search),Tecnologia B2B,Tráfego Qualificado,950.34,18399,746,4.06,1.27,52,7.09,18.28,12022.64,12.65
2025-01-24,TikTok Ads,Tecnologia B2B,Reconhecimento de Marca,577.79,39520,845,2.14,0.68,16,2.01,36.11,2429.0,4.2
2025-01-24,Display Programático (RTB),Moda & Vestuário,Tráfego Qualificado,369.05,35726,264,0.74,1.4,4,1.54,92.26,715.45,1.94
2025-01-24,YouTube Ads (Vídeo),Alimentos & Gastronomia,Tráfego Qualificado,142.35,5978,93,1.56,1.53,1,1.89,142.35,223.84,1.57
2025-01-25,Meta Ads (Instagram/Facebook),Moda & Vestuário,Tráfego Qualificado,139.78,7439,113,1.52,1.24,4,4.31,34.95,738.4,5.28
2025-01-25,Google Ads (Search),Moda & Vestuário,Tráfego Qualificado,951.79,20722,1118,5.4,0.85,62,5.57,15.35,13872.67,14.58
2025-01-25,TikTok Ads,Moda & Vestuário,Conversão / Vendas,957.77,74188,1357,1.83,0.71,34,2.55,28.17,4823.41,5.04
2025-01-25,Display Programático (RTB),Educação & Cursos,Geração de Leads,575.09,64544,613,0.95,0.94,6,1.14,95.85,1121.29,1.95
2025-01-25,YouTube Ads (Vídeo),Tecnologia B2B,Tráfego Qualificado,235.41,9659,136,1.41,1.73,2,1.91,117.7,394.4,1.68
2025-01-26,Meta Ads (Instagram/Facebook),Educação & Cursos,Reconhecimento de Marca,952.64,48088,803,1.67,1.19,22,2.78,43.3,4064.45,4.27
2025-01-26,Google Ads (Search),Moda & Vestuário,Reconhecimento de Marca,934.28,18685,773,4.14,1.21,36,4.7,25.95,7609.48,8.14
2025-01-26,TikTok Ads,Tecnologia B2B,Tráfego Qualificado,597.33,54901,1213,2.21,0.49,24,1.98,24.89,3097.02,5.18
2025-01-26,Display Programático (RTB),Educação & Cursos,Reconhecimento de Marca,140.49,19192,136,0.71,1.03,2,1.54,70.25,382.04,2.72
2025-01-26,YouTube Ads (Vídeo),Educação & Cursos,Conversão / Vendas,947.35,45154,627,1.39,1.51,17,2.76,55.73,3452.25,3.64
2025-01-27,Meta Ads (Instagram/Facebook),Alimentos & Gastronomia,Conversão / Vendas,143.23,8001,183,2.29,0.78,7,3.87,20.46,1178.14,8.23
2025-01-27,Google Ads (Search),Educação & Cursos,Geração de Leads,396.63,7533,343,4.56,1.16,15,4.43,26.44,3191.66,8.05
2025-01-27,TikTok Ads,Educação & Cursos,Conversão / Vendas,141.09,12979,347,2.68,0.41,9,2.82,15.68,1299.59,9.21
2025-01-27,Display Programático (RTB),Alimentos & Gastronomia,Geração de Leads,921.47,89203,615,0.69,1.5,9,1.53,102.39,1656.16,1.8
2025-01-27,YouTube Ads (Vídeo),Moda & Vestuário,Conversão / Vendas,143.97,5749,68,1.19,2.12,1,2.09,143.97,202.84,1.41
2025-01-28,Meta Ads (Instagram/Facebook),Tecnologia B2B,Tráfego Qualificado,242.01,11719,187,1.6,1.29,7,4.16,34.57,1265.91,5.23
2025-01-28,Google Ads (Search),Saúde & Bem-estar,Geração de Leads,238.44,5343,307,5.76,0.78,15,4.99,15.9,3044.53,12.77
2025-01-28,TikTok Ads,Tecnologia B2B,Geração de Leads,951.14,82065,1764,2.15,0.54,43,2.48,22.12,5865.17,6.17
2025-01-28,Display Programático (RTB),Tecnologia B2B,Geração de Leads,237.93,22724,156,0.69,1.53,2,1.46,118.97,367.64,1.55
2025-01-28,YouTube Ads (Vídeo),Saúde & Bem-estar,Reconhecimento de Marca,394.93,15102,270,1.79,1.46,5,2.11,78.99,1108.62,2.81
2025-01-29,Meta Ads (Instagram/Facebook),Educação & Cursos,Conversão / Vendas,138.9,6579,124,1.89,1.12,4,3.72,34.73,726.27,5.23
2025-01-29,Google Ads (Search),Tecnologia B2B,Reconhecimento de Marca,245.99,4847,204,4.21,1.21,13,6.4,18.92,2832.1,11.51
2025-01-29,TikTok Ads,Saúde & Bem-estar,Reconhecimento de Marca,398.79,28505,718,2.52,0.56,16,2.23,24.92,2064.55,5.18
2025-01-29,Display Programático (RTB),Tecnologia B2B,Tráfego Qualificado,980.72,101209,900,0.89,1.09,16,1.87,61.3,3422.56,3.49
2025-01-29,YouTube Ads (Vídeo),Saúde & Bem-estar,Reconhecimento de Marca,399.61,14794,170,1.15,2.35,4,2.93,99.9,950.3,2.38
2025-01-30,Meta Ads (Instagram/Facebook),Educação & Cursos,Conversão / Vendas,236.26,14215,298,2.1,0.79,8,2.77,29.53,1337.5,5.66
2025-01-30,Google Ads (Search),Tecnologia B2B,Reconhecimento de Marca,957.94,17815,979,5.5,0.98,53,5.46,18.07,12910.29,13.48
2025-01-30,TikTok Ads,Moda & Vestuário,Geração de Leads,385.94,30850,842,2.73,0.46,18,2.24,21.44,2545.85,6.6
2025-01-30,Display Programático (RTB),Saúde & Bem-estar,Reconhecimento de Marca,144.46,15254,143,0.94,1.01,2,1.49,72.23,382.55,2.65
2025-01-30,YouTube Ads (Vídeo),Saúde & Bem-estar,Geração de Leads,230.49,8743,98,1.13,2.35,3,3.19,76.83,650.31,2.82
2025-01-31,Meta Ads (Instagram/Facebook),Tecnologia B2B,Reconhecimento de Marca,554.53,33854,497,1.47,1.12,16,3.32,34.66,3010.15,5.43
2025-01-31,Google Ads (Search),Saúde & Bem-estar,Reconhecimento de Marca,147.22,3216,146,4.55,1.01,10,6.92,14.72,2111.33,14.34
2025-01-31,TikTok Ads,Tecnologia B2B,Conversão / Vendas,235.93,20841,377,1.81,0.63,6,1.6,39.32,963.42,4.08
2025-01-31,Display Programático (RTB),Moda & Vestuário,Reconhecimento de Marca,142.7,18653,190,1.02,0.75,3,1.72,47.57,549.91,3.85
2025-01-31,YouTube Ads (Vídeo),Saúde & Bem-estar,Geração de Leads,396.92,14486,237,1.64,1.67,4,1.97,99.23,840.33,2.12
2025-02-01,Meta Ads (Instagram/Facebook),Alimentos & Gastronomia,Reconhecimento de Marca,986.45,59353,878,1.48,1.12,27,3.14,36.54,4418.63,4.48
2025-02-01,Google Ads (Search),Educação & Cursos,Reconhecimento de Marca,924.63,16603,928,5.59,1.0,70,7.58,13.21,17690.4,19.13
2025-02-01,TikTok Ads,Alimentos & Gastronomia,Reconhecimento de Marca,240.3,19132,547,2.86,0.44,14,2.71,17.16,1991.06,8.29
2025-02-01,Display Programático (RTB),Alimentos & Gastronomia,Tráfego Qualificado,962.96,104216,906,0.87,1.06,10,1.13,96.3,2126.79,2.21
2025-02-01,YouTube Ads (Vídeo),Tecnologia B2B,Reconhecimento de Marca,574.88,30114,517,1.72,1.11,9,1.93,63.88,1856.48,3.23
2025-02-02,Meta Ads (Instagram/Facebook),Moda & Vestuário,Conversão / Vendas,370.78,19774,351,1.78,1.06,10,2.9,37.08,1945.54,5.25
2025-02-02,Google Ads (Search),Educação & Cursos,Geração de Leads,937.61,18548,699,3.77,1.34,51,7.31,18.38,11486.89,12.25
2025-02-02,TikTok Ads,Alimentos & Gastronomia,Reconhecimento de Marca,241.43,18044,425,2.36,0.57,11,2.66,21.95,1668.56,6.91
2025-02-02,Display Programático (RTB),Tecnologia B2B,Tráfego Qualificado,592.83,58292,536,0.92,1.11,9,1.75,65.87,1837.17,3.1
2025-02-02,YouTube Ads (Vídeo),Educação & Cursos,Tráfego Qualificado,392.09,19506,339,1.74,1.16,10,3.18,39.21,1905.35,4.86
2025-02-03,Meta Ads (Instagram/Facebook),Educação & Cursos,Geração de Leads,375.32,16718,240,1.44,1.56,8,3.47,46.91,1568.39,4.18
2025-02-03,Google Ads (Search),Saúde & Bem-estar,Reconhecimento de Marca,235.74,4776,277,5.81,0.85,18,6.55,13.1,3821.21,16.21
2025-02-03,TikTok Ads,Saúde & Bem-estar,Tráfego Qualificado,982.39,91726,2384,2.6,0.41,53,2.26,18.54,8464.35,8.62
2025-02-03,Display Programático (RTB),Saúde & Bem-estar,Tráfego Qualificado,928.2,89164,820,0.92,1.13,9,1.11,103.13,1667.66,1.8
2025-02-03,YouTube Ads (Vídeo),Moda & Vestuário,Tráfego Qualificado,144.99,6669,103,1.55,1.41,1,1.94,144.99,234.76,1.62
2025-02-04,Meta Ads (Instagram/Facebook),Alimentos & Gastronomia,Tráfego Qualificado,583.08,28980,518,1.79,1.13,13,2.53,44.85,2586.59,4.44
2025-02-04,Google Ads (Search),Tecnologia B2B,Reconhecimento de Marca,230.02,5595,260,4.65,0.88,19,7.64,12.11,3868.79,16.82
2025-02-04,TikTok Ads,Moda & Vestuário,Reconhecimento de Marca,975.49,86633,1602,1.85,0.61,38,2.43,25.67,5658.5,5.8
2025-02-04,Display Programático (RTB),Tecnologia B2B,Reconhecimento de Marca,149.56,20403,189,0.93,0.79,3,1.81,49.85,635.17,4.25
2025-02-04,YouTube Ads (Vídeo),Saúde & Bem-estar,Geração de Leads,376.77,13770,194,1.41,1.94,6,3.22,62.79,1206.44,3.2
2025-02-05,Meta Ads (Instagram/Facebook),Alimentos & Gastronomia,Reconhecimento de Marca,145.82,7903,175,2.22,0.83,5,3.31,29.16,1027.84,7.05
2025-02-05,Google Ads (Search),Moda & Vestuário,Conversão / Vendas,982.13,18840,1036,5.5,0.95,72,7.0,13.64,16735.83,17.04
2025-02-05,TikTok Ads,Saúde & Bem-estar,Conversão / Vendas,598.44,53962,1224,2.27,0.49,19,1.58,31.5,2791.89,4.67
2025-02-05,Display Programático (RTB),Saúde & Bem-estar,Tráfego Qualificado,578.8,72440,507,0.7,1.14,8,1.6,72.35,1491.85,2.58
2025-02-05,YouTube Ads (Vídeo),Educação & Cursos,Tráfego Qualificado,399.5,19955,289,1.45,1.38,8,2.9,49.94,1678.13,4.2
2025-02-06,Meta Ads (Instagram/Facebook),Tecnologia B2B,Conversão / Vendas,148.32,6898,102,1.48,1.45,3,3.32,49.44,500.17,3.37
2025-02-06,Google Ads (Search),Moda & Vestuário,Tráfego Qualificado,144.85,3754,176,4.69,0.82,8,5.08,18.11,1736.25,11.99
2025-02-06,TikTok Ads,Educação & Cursos,Tráfego Qualificado,144.21,13579,291,2.15,0.5,4,1.62,36.05,515.0,3.57
2025-02-06,Display Programático (RTB),Educação & Cursos,Geração de Leads,243.79,24501,176,0.72,1.39,2,1.19,121.89,351.93,1.44
2025-02-06,YouTube Ads (Vídeo),Tecnologia B2B,Conversão / Vendas,396.68,16576,256,1.55,1.55,7,2.79,56.67,1432.82,3.61
2025-02-07,Meta Ads (Instagram/Facebook),Saúde & Bem-estar,Tráfego Qualificado,242.51,11269,224,1.99,1.08,7,3.33,34.64,1342.16,5.53
2025-02-07,Google Ads (Search),Saúde & Bem-estar,Geração de Leads,245.68,5237,193,3.69,1.27,9,4.92,27.3,1999.11,8.14
2025-02-07,TikTok Ads,Educação & Cursos,Geração de Leads,563.86,51400,1398,2.72,0.4,25,1.85,22.55,4003.88,7.1
2025-02-07,Display Programático (RTB),Saúde & Bem-estar,Conversão / Vendas,983.18,103930,873,0.84,1.13,13,1.52,75.63,2667.11,2.71
2025-02-07,YouTube Ads (Vídeo),Alimentos & Gastronomia,Tráfego Qualificado,143.92,7410,103,1.4,1.4,2,2.21,71.96,421.93,2.93
2025-02-08,Meta Ads (Instagram/Facebook),Moda & Vestuário,Reconhecimento de Marca,560.36,24544,444,1.81,1.26,17,4.02,32.96,3235.01,5.77
2025-02-08,Google Ads (Search),Saúde & Bem-estar,Tráfego Qualificado,576.23,11997,571,4.76,1.01,36,6.4,16.01,7186.2,12.47
2025-02-08,TikTok Ads,Educação & Cursos,Tráfego Qualificado,593.92,40903,908,2.22,0.65,17,1.92,34.94,2494.45,4.2
2025-02-08,Display Programático (RTB),Alimentos & Gastronomia,Tráfego Qualificado,387.93,41401,385,0.93,1.01,4,1.16,96.98,820.01,2.11
2025-02-08,YouTube Ads (Vídeo),Educação & Cursos,Tráfego Qualificado,233.62,8909,130,1.46,1.8,2,2.25,116.81,469.43,2.01
2025-02-09,Meta Ads (Instagram/Facebook),Moda & Vestuário,Tráfego Qualificado,231.91,11285,194,1.72,1.2,6,3.17,38.65,1203.66,5.19
2025-02-09,Google Ads (Search),Alimentos & Gastronomia,Reconhecimento de Marca,147.28,3626,209,5.78,0.7,12,5.93,12.27,2531.79,17.19
2025-02-09,TikTok Ads,Tecnologia B2B,Geração de Leads,238.98,17821,342,1.92,0.7,7,2.14,34.14,1026.03,4.29
2025-02-09,Display Programático (RTB),Saúde & Bem-estar,Conversão / Vendas,140.0,17971,116,0.65,1.21,1,1.67,140.0,202.53,1.45
2025-02-09,YouTube Ads (Vídeo),Alimentos & Gastronomia,Conversão / Vendas,146.46,6471,111,1.72,1.32,3,2.71,48.82,652.04,4.45
2025-02-10,Meta Ads (Instagram/Facebook),Saúde & Bem-estar,Geração de Leads,232.46,13329,198,1.49,1.17,7,3.63,33.21,1204.78,5.18
2025-02-10,Google Ads (Search),Alimentos & Gastronomia,Conversão / Vendas,378.12,7980,294,3.69,1.29,14,4.87,27.01,3531.71,9.34
2025-02-10,TikTok Ads,Tecnologia B2B,Reconhecimento de Marca,236.46,15901,381,2.4,0.62,7,1.9,33.78,1009.82,4.27
2025-02-10,Display Programático (RTB),Saúde & Bem-estar,Geração de Leads,558.04,72661,508,0.7,1.1,9,1.84,62.0,1852.31,3.32
2025-02-10,YouTube Ads (Vídeo),Educação & Cursos,Conversão / Vendas,146.77,7312,93,1.28,1.58,3,3.32,48.92,607.21,4.14
2025-02-11,Meta Ads (Instagram/Facebook),Moda & Vestuário,Reconhecimento de Marca,237.49,14983,248,1.66,0.96,9,4.0,26.39,1808.17,7.61
2025-02-11,Google Ads (Search),Moda & Vestuário,Tráfego Qualificado,397.79,7852,402,5.12,0.99,20,5.1,19.89,4684.77,11.78
2025-02-11,TikTok Ads,Alimentos & Gastronomia,Tráfego Qualificado,966.17,81395,1579,1.94,0.61,36,2.34,26.84,4936.82,5.11
2025-02-11,Display Programático (RTB),Moda & Vestuário,Conversão / Vendas,148.45,15010,130,0.87,1.14,2,1.67,74.22,425.46,2.87
2025-02-11,YouTube Ads (Vídeo),Alimentos & Gastronomia,Geração de Leads,584.04,22628,373,1.65,1.57,11,3.07,53.09,2330.55,3.99
2025-02-12,Meta Ads (Instagram/Facebook),Tecnologia B2B,Conversão / Vendas,141.94,6961,138,1.99,1.03,4,3.48,35.48,716.48,5.05
2025-02-12,Google Ads (Search),Alimentos & Gastronomia,Conversão / Vendas,140.85,3132,128,4.11,1.1,5,4.6,28.17,1155.95,8.21
2025-02-12,TikTok Ads,Educação & Cursos,Geração de Leads,142.56,9941,231,2.33,0.62,5,2.18,28.51,634.49,4.45
2025-02-12,Display Programático (RTB),Educação & Cursos,Conversão / Vendas,559.15,61990,458,0.74,1.22,6,1.45,93.19,1138.39,2.04
2025-02-12,YouTube Ads (Vídeo),Educação & Cursos,Tráfego Qualificado,384.68,14829,210,1.42,1.83,6,3.22,64.11,1156.45,3.01
2025-02-13,Meta Ads (Instagram/Facebook),Moda & Vestuário,Tráfego Qualificado,380.16,22128,413,1.87,0.92,11,2.77,34.56,1864.33,4.9
2025-02-13,Google Ads (Search),Saúde & Bem-estar,Tráfego Qualificado,942.79,21534,1164,5.41,0.81,72,6.23,13.09,15488.78,16.43
2025-02-13,TikTok Ads,Saúde & Bem-estar,Geração de Leads,238.0,15983,426,2.67,0.56,9,2.23,26.44,1172.82,4.93
2025-02-13,Display Programático (RTB),Saúde & Bem-estar,Geração de Leads,934.77,113580,1090,0.96,0.86,13,1.21,71.91,2789.71,2.98
2025-02-13,YouTube Ads (Vídeo),Saúde & Bem-estar,Tráfego Qualificado,142.48,6107,73,1.2,1.95,1,1.88,142.48,222.49,1.56
2025-02-14,Meta Ads (Instagram/Facebook),Alimentos & Gastronomia,Geração de Leads,562.95,32559,647,1.99,0.87,20,3.19,28.15,3995.88,7.1
2025-02-14,Google Ads (Search),Moda & Vestuário,Geração de Leads,392.98,9096,495,5.45,0.79,28,5.82,14.04,6572.03,16.72
2025-02-14,TikTok Ads,Educação & Cursos,Reconhecimento de Marca,559.19,45722,882,1.93,0.63,16,1.87,34.95,2502.79,4.48
2025-02-14,Display Programático (RTB),Moda & Vestuário,Reconhecimento de Marca,927.66,126902,1142,0.9,0.81,17,1.56,54.57,3348.46,3.61
2025-02-14,YouTube Ads (Vídeo),Educação & Cursos,Conversão / Vendas,967.56,41940,759,1.81,1.27,15,2.08,64.5,3382.43,3.5
2025-02-15,Meta Ads (Instagram/Facebook),Tecnologia B2B,Geração de Leads,977.41,46878,1092,2.33,0.9,28,2.65,34.91,4667.18,4.78
2025-02-15,Google Ads (Search),Educação & Cursos,Geração de Leads,248.11,4756,199,4.2,1.25,13,6.6,19.09,2999.96,12.09
2025-02-15,TikTok Ads,Moda & Vestuário,Tráfego Qualificado,140.72,11825,217,1.84,0.65,4,2.23,35.18,513.47,3.65
2025-02-15,Display Programático (RTB),Alimentos & Gastronomia,Tráfego Qualificado,388.49,47667,419,0.88,0.93,6,1.62,64.75,1091.79,2.81
2025-02-15,YouTube Ads (Vídeo),Educação & Cursos,Reconhecimento de Marca,249.88,10190,153,1.51,1.63,4,2.97,62.47,853.69,3.42
2025-02-16,Meta Ads (Instagram/Facebook),Saúde & Bem-estar,Geração de Leads,598.16,29292,620,2.12,0.96,16,2.73,37.38,2886.82,4.83
2025-02-16,Google Ads (Search),Moda & Vestuário,Reconhecimento de Marca,568.68,11323,610,5.39,0.93,46,7.58,12.36,9701.64,17.06
2025-02-16,TikTok Ads,Saúde & Bem-estar,Reconhecimento de Marca,978.97,70480,1430,2.03,0.68,34,2.42,28.79,4394.59,4.49
2025-02-16,Display Programático (RTB),Educação & Cursos,Tráfego Qualificado,145.3,16234,113,0.7,1.29,1,1.1,145.3,176.59,1.22
2025-02-16,YouTube Ads (Vídeo),Educação & Cursos,Conversão / Vendas,237.62,10925,140,1.29,1.7,3,2.64,79.21,696.98,2.93
2025-02-17,Meta Ads (Instagram/Facebook),Educação & Cursos,Tráfego Qualificado,240.31,10666,201,1.89,1.2,8,4.3,30.04,1602.51,6.67
2025-02-17,Google Ads (Search),Educação & Cursos,Tráfego Qualificado,139.4,2632,117,4.46,1.19,8,7.41,17.43,1965.94,14.1
2025-02-17,TikTok Ads,Tecnologia B2B,Tráfego Qualificado,591.3,50323,900,1.79,0.66,15,1.77,39.42,2007.4,3.39
2025-02-17,Display Programático (RTB),Saúde & Bem-estar,Geração de Leads,246.45,32089,314,0.98,0.78,5,1.83,49.29,970.68,3.94
2025-02-17,YouTube Ads (Vídeo),Alimentos & Gastronomia,Tráfego Qualificado,398.49,15350,244,1.59,1.63,5,2.06,79.7,1070.54,2.69
2025-02-18,Meta Ads (Instagram/Facebook),Saúde & Bem-estar,Conversão / Vendas,555.84,25889,401,1.55,1.39,14,3.54,39.7,2857.96,5.14
2025-02-18,Google Ads (Search),Saúde & Bem-estar,Geração de Leads,928.45,18651,762,4.09,1.22,49,6.51,18.95,11454.29,12.34
2025-02-18,TikTok Ads,Tecnologia B2B,Reconhecimento de Marca,386.06,34717,690,1.99,0.56,15,2.19,25.74,2285.98,5.92
2025-02-18,Display Programático (RTB),Moda & Vestuário,Reconhecimento de Marca,373.46,49927,474,0.95,0.79,6,1.27,62.24,1076.66,2.88
2025-02-18,YouTube Ads (Vídeo),Saúde & Bem-estar,Conversão / Vendas,582.39,28121,359,1.28,1.62,7,2.21,83.2,1386.85,2.38
2025-02-19,Meta Ads (Instagram/Facebook),Saúde & Bem-estar,Tráfego Qualificado,232.61,10435,192,1.84,1.21,5,2.77,46.52,892.75,3.84
2025-02-19,Google Ads (Search),Saúde & Bem-estar,Geração de Leads,950.97,17103,711,4.16,1.34,34,4.82,27.97,7514.75,7.9
2025-02-19,TikTok Ads,Alimentos & Gastronomia,Geração de Leads,233.79,17751,376,2.12,0.62,9,2.63,25.98,1332.23,5.7
2025-02-19,Display Programático (RTB),Alimentos & Gastronomia,Geração de Leads,996.77,112248,763,0.68,1.31,11,1.51,90.62,2118.41,2.13
2025-02-19,YouTube Ads (Vídeo),Saúde & Bem-estar,Tráfego Qualificado,959.06,47905,646,1.35,1.48,19,2.98,50.48,4065.83,4.24
2025-02-20,Meta Ads (Instagram/Facebook),Moda & Vestuário,Conversão / Vendas,593.26,31844,732,2.3,0.81,19,2.66,31.22,3165.34,5.34
2025-02-20,Google Ads (Search),Moda & Vestuário,Conversão / Vendas,147.71,3727,157,4.23,0.94,11,7.59,13.43,2331.1,15.78
2025-02-20,TikTok Ads,Alimentos & Gastronomia,Tráfego Qualificado,383.85,31854,719,2.26,0.53,13,1.86,29.53,2042.67,5.32
2025-02-20,Display Programático (RTB),Alimentos & Gastronomia,Reconhecimento de Marca,978.99,109140,993,0.91,0.99,10,1.09,97.9,1750.28,1.79
2025-02-20,YouTube Ads (Vídeo),Tecnologia B2B,Conversão / Vendas,984.17,50136,571,1.14,1.72,15,2.64,65.61,3140.23,3.19
2025-02-21,Meta Ads (Instagram/Facebook),Saúde & Bem-estar,Reconhecimento de Marca,589.18,28573,460,1.61,1.28,12,2.73,49.1,1997.13,3.39
2025-02-21,Google Ads (Search),Educação & Cursos,Geração de Leads,595.15,11373,467,4.11,1.27,36,7.75,16.53,8449.35,14.2
2025-02-21,TikTok Ads,Tecnologia B2B,Conversão / Vendas,581.52,41775,1031,2.47,0.56,23,2.24,25.28,2931.77,5.04
2025-02-21,Display Programático (RTB),Educação & Cursos,Geração de Leads,930.02,105205,725,0.69,1.28,10,1.46,93.0,2147.14,2.31
2025-02-21,YouTube Ads (Vídeo),Saúde & Bem-estar,Geração de Leads,369.4,18770,289,1.54,1.28,5,2.02,73.88,1043.7,2.83
2025-02-22,Meta Ads (Instagram/Facebook),Saúde & Bem-estar,Geração de Leads,139.96,7885,179,2.28,0.78,6,3.7,23.33,1105.93,7.9
2025-02-22,Google Ads (Search),Moda & Vestuário,Tráfego Qualificado,942.87,17810,986,5.54,0.96,71,7.3,13.28,17646.41,18.72
2025-02-22,TikTok Ads,Educação & Cursos,Conversão / Vendas,937.69,62932,1623,2.58,0.58,37,2.28,25.34,4895.87,5.22
2025-02-22,Display Programático (RTB),Tecnologia B2B,Tráfego Qualificado,376.62,41569,386,0.93,0.98,4,1.14,94.16,814.21,2.16
2025-02-22,YouTube Ads (Vídeo),Saúde & Bem-estar,Reconhecimento de Marca,234.27,10119,173,1.71,1.35,5,2.97,46.85,1087.34,4.64
2025-02-23,Meta Ads (Instagram/Facebook),Alimentos & Gastronomia,Conversão / Vendas,377.52,18961,390,2.06,0.97,15,4.08,25.17,2859.5,7.57
2025-02-23,Google Ads (Search),Alimentos & Gastronomia,Reconhecimento de Marca,241.16,4562,240,5.27,1.0,17,7.42,14.19,3625.84,15.03
2025-02-23,TikTok Ads,Tecnologia B2B,Tráfego Qualificado,243.15,20799,536,2.58,0.45,13,2.6,18.7,1917.82,7.89
2025-02-23,Display Programático (RTB),Educação & Cursos,Conversão / Vendas,963.1,106892,1047,0.98,0.92,18,1.76,53.51,3789.94,3.94
2025-02-23,YouTube Ads (Vídeo),Moda & Vestuário,Geração de Leads,949.44,43996,536,1.22,1.77,12,2.33,79.12,2820.29,2.97
2025-02-24,Meta Ads (Instagram/Facebook),Alimentos & Gastronomia,Geração de Leads,570.5,27842,595,2.14,0.96,16,2.82,35.66,2691.23,4.72
2025-02-24,Google Ads (Search),Alimentos & Gastronomia,Geração de Leads,922.33,22359,896,4.01,1.03,51,5.7,18.08,11226.53,12.17
2025-02-24,TikTok Ads,Saúde & Bem-estar,Conversão / Vendas,370.08,28511,678,2.38,0.55,15,2.28,24.67,2206.83,5.96
2025-02-24,Display Programático (RTB),Educação & Cursos,Geração de Leads,242.04,33156,255,0.77,0.95,4,1.58,60.51,712.31,2.94
2025-02-24,YouTube Ads (Vídeo),Alimentos & Gastronomia,Tráfego Qualificado,244.15,9522,140,1.48,1.74,3,2.54,81.38,590.22,2.42
2025-02-25,Meta Ads (Instagram/Facebook),Moda & Vestuário,Reconhecimento de Marca,139.06,8010,158,1.98,0.88,6,3.81,23.18,1241.55,8.93
2025-02-25,Google Ads (Search),Saúde & Bem-estar,Geração de Leads,933.88,18779,886,4.72,1.05,44,4.97,21.22,10371.91,11.11
2025-02-25,TikTok Ads,Saúde & Bem-estar,Reconhecimento de Marca,149.4,13375,318,2.38,0.47,8,2.81,18.68,1054.28,7.06
2025-02-25,Display Programático (RTB),Tecnologia B2B,Conversão / Vendas,975.81,93918,892,0.95,1.09,9,1.1,108.42,1903.54,1.95
2025-02-25,YouTube Ads (Vídeo),Educação & Cursos,Reconhecimento de Marca,987.35,48542,815,1.68,1.21,20,2.56,49.37,4287.12,4.34
2025-02-26,Meta Ads (Instagram/Facebook),Educação & Cursos,Tráfego Qualificado,248.19,11543,167,1.45,1.49,4,2.51,62.05,688.54,2.77
2025-02-26,Google Ads (Search),Saúde & Bem-estar,Tráfego Qualificado,147.02,2935,168,5.75,0.88,7,4.59,21.0,1407.97,9.58
2025-02-26,TikTok Ads,Saúde & Bem-estar,Reconhecimento de Marca,376.82,26954,762,2.83,0.49,15,2.04,25.12,2115.17,5.61
2025-02-26,Display Programático (RTB),Moda & Vestuário,Conversão / Vendas,559.51,55232,364,0.66,1.54,5,1.57,111.9,988.47,1.77
2025-02-26,YouTube Ads (Vídeo),Alimentos & Gastronomia,Tráfego Qualificado,238.22,10947,191,1.75,1.25,3,1.91,79.41,671.55,2.82
2025-02-27,Meta Ads (Instagram/Facebook),Saúde & Bem-estar,Tráfego Qualificado,924.18,49106,820,1.67,1.13,31,3.8,29.81,6390.91,6.92
2025-02-27,Google Ads (Search),Educação & Cursos,Conversão / Vendas,391.2,9383,409,4.36,0.96,22,5.42,17.78,5501.91,14.06
2025-02-27,TikTok Ads,Saúde & Bem-estar,Conversão / Vendas,929.13,85007,1708,2.01,0.54,32,1.89,29.04,4984.69,5.36
2025-02-27,Display Programático (RTB),Moda & Vestuário,Conversão / Vendas,938.19,109091,938,0.86,1.0,16,1.72,58.64,3153.12,3.36
2025-02-27,YouTube Ads (Vídeo),Educação & Cursos,Geração de Leads,239.69,11889,211,1.78,1.14,6,3.15,39.95,1344.74,5.61
2025-02-28,Meta Ads (Instagram/Facebook),Educação & Cursos,Tráfego Qualificado,388.83,19677,295,1.5,1.32,9,3.38,43.2,1784.59,4.59
2025-02-28,Google Ads (Search),Educação & Cursos,Reconhecimento de Marca,393.16,9390,392,4.18,1.0,19,4.92,20.69,4107.07,10.45
2025-02-28,TikTok Ads,Saúde & Bem-estar,Geração de Leads,972.77,88594,1807,2.04,0.54,50,2.77,19.46,7280.32,7.48
2025-02-28,Display Programático (RTB),Saúde & Bem-estar,Geração de Leads,138.33,18567,154,0.83,0.9,2,1.81,69.17,393.18,2.84
2025-02-28,YouTube Ads (Vídeo),Saúde & Bem-estar,Reconhecimento de Marca,573.68,25841,307,1.19,1.87,7,2.54,81.95,1394.89,2.43
2025-03-01,Meta Ads (Instagram/Facebook),Saúde & Bem-estar,Geração de Leads,590.06,29502,592,2.01,1.0,23,3.93,25.65,4135.83,7.01
2025-03-01,Google Ads (Search),Educação & Cursos,Geração de Leads,585.4,11144,480,4.31,1.22,35,7.33,16.73,8674.33,14.82
2025-03-01,TikTok Ads,Educação & Cursos,Reconhecimento de Marca,145.18,14013,302,2.16,0.48,7,2.5,20.74,1082.99,7.46
2025-03-01,Display Programático (RTB),Alimentos & Gastronomia,Tráfego Qualificado,396.24,39783,334,0.84,1.19,6,1.86,66.04,1145.06,2.89
2025-03-01,YouTube Ads (Vídeo),Alimentos & Gastronomia,Conversão / Vendas,945.84,34431,623,1.81,1.52,17,2.86,55.64,3328.87,3.52
